{
  "NO_PROMPT": {
    "mean": 0.4666666666666667,
    "std": 0.49888765156985887,
    "n": 15
  },
  "RANDOM_PROMPT": {
    "mean": 0.55,
    "std": 0.4873397172404482,
    "n": 16
  },
  "WRONG_PROMPT": {
    "mean": 0.5066666666666666,
    "std": 0.47814456205442957,
    "n": 15
  },
  "CORRECT_PROMPT": {
    "mean": 0.9333333333333333,
    "std": 0.24944382578492943,
    "n": 15
  },
  "_model": "gemini-2.0-flash-exp",
  "_note": "Real API results"
}