{
  "seeds": [
    42,
    123,
    456
  ],
  "pass_rates": [
    0.9166666666666666,
    0.75,
    0.5
  ],
  "mean": 0.7222222222222222,
  "std": 0.20971762320196524,
  "ci_low": 0.48490439085167447,
  "ci_high": 0.95954005359277,
  "model": "gemini-2.0-flash-exp"
}